# 301 Redirects
/getting-started-with-eos-on-cleos-without-running-a-full-node/ /blog/getting-started-with-eos-on-cleos-without-running-a-full-node/ 301
/raymond-yeh /about  301
/raymond-yeh/work-experiences /about/work-experience/  301
/raymond-yeh/media /about/media/  301
/pokemon-nest-release-ft-dratini-nest/ /blog/finding-dratini-nest-dbscan/ 301
/finding-dratini-nest-dbscan/ /blog/finding-dratini-nest-dbscan/ 301
/step-by-step-pokemon-clustering/ /blog/step-by-step-pokemon-clustering/ 301
/data-mining-pokemon-spawns-in-singapore/ /blog/data-mining-pokemon-spawns-in-singapore/ 301